round,comp_time,comm_time,overhead,mse,f1,mode,clients
0,0.8354916572570801,5.0067901611328125e-06,0,0.5044885067378774,0.7209496043315285,Vanilla,10
1,0.8454580307006836,4.291534423828125e-06,0,0.42127447619157676,0.7409025739059193,Vanilla,10
2,0.8329269886016846,3.337860107421875e-06,0,0.3728206271634382,0.747161601740431,Vanilla,10
3,0.8112072944641113,3.337860107421875e-06,0,0.3341922856429044,0.7652582159624414,Vanilla,10
4,0.8169288635253906,4.0531158447265625e-06,0,0.3016962321365581,0.769426240470777,Vanilla,10
5,0.813929557800293,3.337860107421875e-06,0,0.2742643636815688,0.7715736040609137,Vanilla,10
6,0.8337335586547852,4.0531158447265625e-06,0,0.2518308228429626,0.774223643875783,Vanilla,10
7,0.8116536140441895,3.337860107421875e-06,0,0.2334222096730681,0.7765159062230192,Vanilla,10
8,0.8113465309143066,3.337860107421875e-06,0,0.21823435890323975,0.779082885393855,Vanilla,10
9,0.811668872833252,3.0994415283203125e-06,0,0.20489785119014628,0.7823556643079161,Vanilla,10
10,0.8116202354431152,2.6226043701171875e-06,0,12.238468170166016,0.4794926700708285,Vanilla,10
11,0.8087258338928223,2.86102294921875e-06,0,42.933920467601105,0.624155593497142,Vanilla,10
12,0.8128249645233154,3.337860107421875e-06,0,80.71589593326344,0.5397479591027978,Vanilla,10
13,0.807809591293335,3.0994415283203125e-06,0,164.29568795596853,0.4391156462585034,Vanilla,10
14,0.822329044342041,3.5762786865234375e-06,0,200.3240239760455,0.4815303430079156,Vanilla,10
15,0.8150913715362549,2.6226043701171875e-06,0,349.698538387523,0.5927784112504751,Vanilla,10
16,0.8089330196380615,2.6226043701171875e-06,0,636.7284079159008,0.5439886175005928,Vanilla,10
17,0.8098599910736084,2.1457672119140625e-06,0,643.213669720818,0.5990608906392002,Vanilla,10
18,0.8141970634460449,3.0994415283203125e-06,0,774.3307441262638,0.513018943974204,Vanilla,10
19,0.8101513385772705,3.0994415283203125e-06,0,1057.9825583065258,0.5892679948095565,Vanilla,10
20,0.8179898262023926,3.337860107421875e-06,0,1293.7182688993566,0.6245165129425766,Vanilla,10
21,0.8215057849884033,3.5762786865234375e-06,0,1475.3697832892922,0.6315007429420505,Vanilla,10
22,0.8153054714202881,2.384185791015625e-06,0,1285.65822466682,0.6393248445365709,Vanilla,10
23,0.8147199153900146,3.5762786865234375e-06,0,1669.1050343232996,0.47468824841027335,Vanilla,10
24,0.8023362159729004,2.86102294921875e-06,0,1782.9333101160387,0.43301069791136015,Vanilla,10
25,0.828181266784668,3.0994415283203125e-06,0,1936.8042817957262,0.5474446806835184,Vanilla,10
26,0.8097383975982666,2.6226043701171875e-06,0,1990.8743070714613,0.5752833243389098,Vanilla,10
27,0.8210446834564209,2.86102294921875e-06,0,2370.5265969669117,0.6286860283740623,Vanilla,10
28,0.8240399360656738,2.86102294921875e-06,0,3008.6590576171875,0.6234056835981204,Vanilla,10
29,0.845240592956543,3.337860107421875e-06,0,3394.947193818934,0.6161805503486542,Vanilla,10
30,0.8890337944030762,2.86102294921875e-06,0,4224.935360179228,0.5795691452397498,Vanilla,10
31,0.8774738311767578,3.5762786865234375e-06,0,4047.8140653722426,0.5468394189242246,Vanilla,10
32,0.844484806060791,3.0994415283203125e-06,0,9150.857393152573,0.5308124357250218,Vanilla,10
33,0.8184144496917725,3.0994415283203125e-06,0,8090.26375804228,0.5559454191033139,Vanilla,10
34,0.8294153213500977,3.0994415283203125e-06,0,8508.725571576288,0.5884332925336597,Vanilla,10
35,0.8198521137237549,3.0994415283203125e-06,0,7762.479750689338,0.6168461998803112,Vanilla,10
36,0.8173959255218506,3.814697265625e-06,0,7925.326387293198,0.6354174355945966,Vanilla,10
37,0.8314676284790039,3.0994415283203125e-06,0,8252.291877297794,0.6278240190249703,Vanilla,10
38,0.823267936706543,3.0994415283203125e-06,0,9648.849235983456,0.5942217794467008,Vanilla,10
39,0.8198142051696777,3.5762786865234375e-06,0,10149.50927734375,0.6060560296005437,Vanilla,10
40,0.8140614032745361,3.5762786865234375e-06,0,12247.858771829044,0.47248545303408146,Vanilla,10
41,0.8122267723083496,3.0994415283203125e-06,0,12385.85368795956,0.5021110750243586,Vanilla,10
42,0.815044641494751,3.0994415283203125e-06,0,14217.170668658087,0.45305439330543934,Vanilla,10
43,0.8272676467895508,3.0994415283203125e-06,0,13374.83088235294,0.490553584687732,Vanilla,10
44,0.8158416748046875,3.337860107421875e-06,0,12915.92414407169,0.2691515265030905,Vanilla,10
45,0.827141523361206,3.337860107421875e-06,0,12925.858628216913,0.4727815063385533,Vanilla,10
46,0.8159139156341553,3.337860107421875e-06,0,13474.63712086397,0.4393875306657643,Vanilla,10
47,0.8161778450012207,3.337860107421875e-06,0,11530.196547564337,0.5042235217673814,Vanilla,10
48,0.8423943519592285,3.337860107421875e-06,0,13079.739028033087,0.3489247311827957,Vanilla,10
49,0.8118557929992676,3.5762786865234375e-06,0,19236.226964613972,0.5464403583215465,Vanilla,10
0,0.8135561943054199,2.000079393386841,0.04000000000000001,0.44981207917718324,0.7300427409347856,BlockFL,10
1,0.8090729713439941,2.0000789165496826,0.04000000000000001,0.3784910466741113,0.7350861536349282,BlockFL,10
2,0.822171688079834,2.0000762939453125,0.04000000000000001,0.3421300702235278,0.7438433726720786,BlockFL,10
3,0.8154840469360352,2.000079870223999,0.04000000000000001,0.3150286402772455,0.7588394062078273,BlockFL,10
4,0.8040323257446289,2.000102996826172,0.04000000000000001,0.29119547587983746,0.7599838100377766,BlockFL,10
5,0.7964749336242676,2.000091791152954,0.04000000000000001,0.27076679249020186,0.7636216870711691,BlockFL,10
6,0.8105330467224121,2.000328302383423,0.04000000000000001,0.2526111002354061,0.7689629778402625,BlockFL,10
7,0.7947952747344971,2.000380754470825,0.04000000000000001,0.23605826979174332,0.7736087970676441,BlockFL,10
8,0.8370954990386963,2.0000741481781006,0.04000000000000001,0.22202906275496764,0.783535173052743,BlockFL,10
9,0.8202304840087891,2.0000922679901123,0.04000000000000001,0.2097991060684709,0.7926261234665092,BlockFL,10
10,0.8200855255126953,2.0004031658172607,0.04000000000000001,17.272340494043686,0.6600145666423889,BlockFL,10
11,0.8204543590545654,2.0003931522369385,0.04000000000000001,42.86607966703527,0.7099712704085208,BlockFL,10
12,0.8155877590179443,2.000382900238037,0.04000000000000001,99.45888227574966,0.5518967540086038,BlockFL,10
13,0.8106873035430908,2.0000455379486084,0.04000000000000001,143.10146466423484,0.7144153577661431,BlockFL,10
14,0.8443851470947266,2.000079870223999,0.04000000000000001,220.02933547076057,0.7422877422877423,BlockFL,10
15,0.8249690532684326,2.000077962875366,0.04000000000000001,300.6273552389706,0.8186535135481391,BlockFL,10
16,0.8427095413208008,2.0000743865966797,0.04000000000000001,292.41390362907856,0.7289293849658315,BlockFL,10
17,0.8277361392974854,2.000072717666626,0.04000000000000001,430.56717277975645,0.5509019607843137,BlockFL,10
18,0.8443634510040283,2.0004119873046875,0.04000000000000001,485.1701983283548,0.6032895729591067,BlockFL,10
19,0.8176853656768799,2.000088930130005,0.04000000000000001,607.9020313936121,0.6807203087037301,BlockFL,10
20,0.8569612503051758,2.00007700920105,0.04000000000000001,763.0571953268612,0.6526731514663936,BlockFL,10
21,0.8288669586181641,2.000077724456787,0.04000000000000001,672.8214219037225,0.6553713576279852,BlockFL,10
22,0.8241112232208252,2.00018048286438,0.04000000000000001,750.3519197351792,0.6407738314996677,BlockFL,10
23,0.8266282081604004,2.000077962875366,0.04000000000000001,1395.1321949678309,0.5486001887385971,BlockFL,10
24,0.8121740818023682,2.0000827312469482,0.04000000000000001,1282.9551391601562,0.5652646282787521,BlockFL,10
25,0.8161702156066895,2.0000789165496826,0.04000000000000001,1833.9259248621324,0.5190127823780046,BlockFL,10
26,0.8170738220214844,2.0000765323638916,0.04000000000000001,2128.7979520909926,0.6193509705463539,BlockFL,10
27,0.8358864784240723,2.0000834465026855,0.04000000000000001,2470.876780790441,0.6214900786222388,BlockFL,10
28,0.8225257396697998,2.0000839233398438,0.04000000000000001,2162.559290268842,0.5431805588537956,BlockFL,10
29,0.8261823654174805,2.0000786781311035,0.04000000000000001,2697.7205595128676,0.5685224008075161,BlockFL,10
30,0.8216500282287598,2.000079870223999,0.04000000000000001,3276.659251493566,0.6526775956284153,BlockFL,10
31,0.8441863059997559,2.0001845359802246,0.04000000000000001,4562.982105928309,0.656727220091192,BlockFL,10
32,0.8299553394317627,2.0000767707824707,0.04000000000000001,4069.5628087660843,0.6553745928338762,BlockFL,10
33,0.8174431324005127,2.000077724456787,0.04000000000000001,4072.2903478285843,0.6476899496387125,BlockFL,10
34,0.8172948360443115,2.000087261199951,0.04000000000000001,3933.862189797794,0.5764279657750713,BlockFL,10
35,0.8451278209686279,2.000093698501587,0.04000000000000001,5354.850155101103,0.20283896231032794,BlockFL,10
36,0.8364665508270264,2.0000743865966797,0.04000000000000001,5401.323443244485,0.5481141772752431,BlockFL,10
37,0.8106405735015869,2.000075578689575,0.04000000000000001,6930.144875919118,0.26539658587192305,BlockFL,10
38,0.8076095581054688,2.000077724456787,0.04000000000000001,8250.014131433823,0.22549399457574584,BlockFL,10
39,0.8108494281768799,2.0000767707824707,0.04000000000000001,10200.021340762867,0.20913107511045656,BlockFL,10
40,0.8133895397186279,2.000393867492676,0.04000000000000001,9732.951803768383,0.257910789172703,BlockFL,10
41,0.809473991394043,2.000192880630493,0.04000000000000001,10664.331801470587,0.36044113691383484,BlockFL,10
42,0.8163392543792725,2.0003840923309326,0.04000000000000001,12662.589125689337,0.52243512005821,BlockFL,10
43,0.8151850700378418,2.0001819133758545,0.04000000000000001,8703.598173253677,0.34268138230504797,BlockFL,10
44,0.8125789165496826,2.0000758171081543,0.04000000000000001,11223.53670726103,0.42183750428522454,BlockFL,10
45,0.8126096725463867,2.0004055500030518,0.04000000000000001,9298.700827205883,0.3524568155374564,BlockFL,10
46,0.8272426128387451,2.0000762939453125,0.04000000000000001,9521.942354090073,0.6321097515758249,BlockFL,10
47,0.8164646625518799,2.000093460083008,0.04000000000000001,12229.833553538603,0.23531655225019069,BlockFL,10
48,0.822274923324585,2.000089168548584,0.04000000000000001,14964.562614889706,0.17569575121323167,BlockFL,10
49,0.8239529132843018,2.000183343887329,0.04000000000000001,17081.610380284925,0.12918367346938775,BlockFL,10
0,0.8104701042175293,0.14007091522216797,9.201,0.5183122096692815,0.6803149606299213,Ours,10
1,0.8219332695007324,0.140092134475708,9.201,0.4106854121474659,0.7306765778787253,Ours,10
2,0.8204996585845947,0.14011645317077637,9.201,0.35548259931452136,0.744809747464434,Ours,10
3,0.8170557022094727,0.1401054859161377,9.201,0.3201693068532383,0.744544462629569,Ours,10
4,0.815413236618042,0.14007782936096191,9.201,0.29390817442361045,0.7462015398242148,Ours,10
5,0.8284132480621338,0.14010167121887207,9.201,0.2728858528768315,0.7560612217255858,Ours,10
6,0.828134298324585,0.1401050090789795,9.201,0.2548616160364712,0.7689632107023411,Ours,10
7,0.8104283809661865,0.14009547233581543,9.201,0.23940465380163753,0.7687671599812496,Ours,10
8,0.8194036483764648,0.14008545875549316,9.201,0.22565704759429484,0.7729365450056715,Ours,10
9,0.8143050670623779,0.14011597633361816,9.201,0.2136165968635503,0.7782142619348825,Ours,10
10,0.8562886714935303,0.14011192321777344,9.201,0.20077598927652135,0.7890671420083185,Ours,10
11,0.8936364650726318,0.14009976387023926,6.441000000000001,0.18906813772285685,0.799317943336831,Ours,10
12,0.8247439861297607,0.14007568359375,6.441000000000001,0.17890357182306402,0.848781099204111,Ours,10
13,0.826406717300415,0.14009857177734375,6.441000000000001,0.16947776473620357,0.8611111111111112,Ours,10
14,0.8133490085601807,0.14010190963745117,6.441000000000001,0.16082992492353215,0.8717256610023925,Ours,10
15,0.8627963066101074,0.14008522033691406,6.441000000000001,0.15234376358635285,0.875886524822695,Ours,10
16,0.8265316486358643,0.14008498191833496,6.441000000000001,0.1449897859026404,0.8770366754134374,Ours,10
17,0.8373286724090576,0.1401054859161377,6.441000000000001,0.13861220439567284,0.8799756542909313,Ours,10
18,0.8376948833465576,0.1401073932647705,6.441000000000001,0.13275636995539947,0.8851506716688854,Ours,10
19,0.8431167602539062,0.14009785652160645,6.441000000000001,0.1275116632528165,0.8878831764421916,Ours,10
20,0.8327822685241699,0.14009714126586914,6.441000000000001,0.12248670112560778,0.8902534465113479,Ours,10
21,0.8180654048919678,0.1400594711303711,6.441000000000001,0.11854809566455729,0.8919471153846154,Ours,10
22,0.8139564990997314,0.14008641242980957,6.441000000000001,0.1150615199962083,0.8930757230289211,Ours,10
23,0.810678243637085,0.1400609016418457,6.441000000000001,0.11170900152886615,0.8946295852313594,Ours,10
24,0.8191962242126465,0.14008307456970215,6.441000000000001,0.10917482043013853,0.8962094942006457,Ours,10
25,0.8368587493896484,0.14009380340576172,6.441000000000001,0.10675792001626071,0.8961147638971907,Ours,10
26,0.8447794914245605,0.14010930061340332,6.441000000000001,0.1042877641670844,0.8948406767501644,Ours,10
27,0.8280675411224365,0.14009976387023926,6.441000000000001,0.10221771369962131,0.8940936863543788,Ours,10
28,0.8170583248138428,0.14009332656860352,6.441000000000001,0.10017900388030444,0.8935965912500751,Ours,10
29,0.8201560974121094,0.14008426666259766,6.441000000000001,0.09833956290693845,0.8926146265248482,Ours,10
30,0.8309311866760254,0.14008116722106934,6.441000000000001,0.09697392276104759,0.8908675249669114,Ours,10
31,0.8202013969421387,0.14008116722106934,6.441000000000001,0.09529184966402895,0.8896912800144431,Ours,10
32,0.8387787342071533,0.14008212089538574,6.441000000000001,0.09375608668607824,0.8891165481499337,Ours,10
33,0.8353593349456787,0.1401042938232422,6.441000000000001,0.0922926000374205,0.8875753920386007,Ours,10
34,0.8265213966369629,0.14008593559265137,6.441000000000001,0.09086110311395981,0.8871989860583016,Ours,10
35,0.8178596496582031,0.14008712768554688,6.441000000000001,0.08978526228490998,0.8867012924266215,Ours,10
36,0.8376951217651367,0.14010095596313477,6.441000000000001,0.08876505647512044,0.8858436462420767,Ours,10
37,0.8342952728271484,0.14008450508117676,6.441000000000001,0.08762155429405324,0.8851587972467093,Ours,10
38,0.8657619953155518,0.1400928497314453,6.441000000000001,0.08656046342323809,0.8849172805216762,Ours,10
39,0.8242745399475098,0.1401076316833496,6.441000000000001,0.085697542218601,0.8842970213280165,Ours,10
40,0.8390035629272461,0.14010262489318848,6.441000000000001,0.0847057844786083,0.8830854793858058,Ours,10
41,0.8471629619598389,0.14009976387023926,6.441000000000001,0.08361615459708606,0.8806504459680845,Ours,10
42,0.8246212005615234,0.14010167121887207,6.441000000000001,0.08275987711899421,0.873244596409818,Ours,10
43,0.8203580379486084,0.14008402824401855,6.441000000000001,0.08206057964878924,0.870772429820806,Ours,10
44,0.8540642261505127,0.14009785652160645,6.441000000000001,0.0812127287773525,0.8711806404302127,Ours,10
45,0.8298959732055664,0.14011192321777344,6.441000000000001,0.08045084840234588,0.8703046616909336,Ours,10
46,0.8424263000488281,0.14008426666259766,6.441000000000001,0.07972330709590632,0.8706227464401394,Ours,10
47,0.8208937644958496,0.14008736610412598,6.441000000000001,0.07890659899396055,0.8711551397297133,Ours,10
48,0.8166038990020752,0.1400763988494873,6.441000000000001,0.078219883801306,0.8708256880733944,Ours,10
49,0.8517272472381592,0.1400907039642334,6.441000000000001,0.07750330076498144,0.8707841096896615,Ours,10
0,0.5127909183502197,6.198883056640625e-06,0,0.5391765140435275,0.7475159929222812,Vanilla,20
1,0.536055326461792,5.245208740234375e-06,0,0.45008785146124225,0.741646737273659,Vanilla,20
2,0.5186121463775635,3.814697265625e-06,0,0.39866709007936363,0.7353588122078636,Vanilla,20
3,0.5097799301147461,4.291534423828125e-06,0,0.3636928007883184,0.7348818031885651,Vanilla,20
4,0.5173587799072266,5.0067901611328125e-06,0,0.3365948270348942,0.7347808162704411,Vanilla,20
5,0.5184965133666992,5.7220458984375e-06,0,0.3141096751479542,0.7366760408807188,Vanilla,20
6,0.516589879989624,5.4836273193359375e-06,0,0.29474782768417807,0.743269951611804,Vanilla,20
7,0.5169990062713623,5.7220458984375e-06,0,0.277635341619744,0.7454261035162892,Vanilla,20
8,0.514415979385376,6.198883056640625e-06,0,0.2627534090596087,0.7451487710219923,Vanilla,20
9,0.516359806060791,5.9604644775390625e-06,0,0.24960724614998875,0.7463255307566685,Vanilla,20
10,0.5399854183197021,5.9604644775390625e-06,0,5.227159261703491,0.2802131040284139,Vanilla,20
11,0.5261304378509521,5.4836273193359375e-06,0,12.424352477578555,0.5291316081917765,Vanilla,20
12,0.5169496536254883,5.7220458984375e-06,0,21.614818012013156,0.7109995817649519,Vanilla,20
13,0.5146534442901611,4.76837158203125e-06,0,27.270082137163946,0.3812855268911237,Vanilla,20
14,0.5171098709106445,5.9604644775390625e-06,0,45.14035505406997,0.5337262084892889,Vanilla,20
15,0.5231976509094238,5.245208740234375e-06,0,71.46026678646312,0.34846581733357257,Vanilla,20
16,0.5070915222167969,5.245208740234375e-06,0,104.05485018561868,0.14481722583875814,Vanilla,20
17,0.515244722366333,4.76837158203125e-06,0,124.86775364595302,0.45486400800934423,Vanilla,20
18,0.5185384750366211,4.291534423828125e-06,0,178.93653600356157,0.41413015519163165,Vanilla,20
19,0.5138452053070068,4.291534423828125e-06,0,227.27666877297793,0.2584765661688739,Vanilla,20
20,0.5195691585540771,5.0067901611328125e-06,0,334.3279840805951,0.32504056246619795,Vanilla,20
21,0.5265774726867676,6.4373016357421875e-06,0,307.5020150577321,0.3071722247601645,Vanilla,20
22,0.5304732322692871,5.7220458984375e-06,0,251.30356822294348,0.6097303810814881,Vanilla,20
23,0.5289742946624756,5.0067901611328125e-06,0,320.28568312701054,0.6650331507639089,Vanilla,20
24,0.5491762161254883,5.0067901611328125e-06,0,350.09386309455425,0.6779709522787436,Vanilla,20
25,0.5237009525299072,4.5299530029296875e-06,0,400.7699270809398,0.7236696230598669,Vanilla,20
26,0.5223186016082764,5.0067901611328125e-06,0,486.68096654555376,0.4516672280229033,Vanilla,20
27,0.5192718505859375,5.245208740234375e-06,0,503.873779296875,0.3987132672578682,Vanilla,20
28,0.5156216621398926,5.0067901611328125e-06,0,491.70350916245405,0.5020669530680069,Vanilla,20
29,0.5146594047546387,4.5299530029296875e-06,0,516.249220904182,0.19566913772922356,Vanilla,20
30,0.5168688297271729,5.9604644775390625e-06,0,589.6049786735983,0.4850770744506396,Vanilla,20
31,0.535792350769043,5.245208740234375e-06,0,840.9156960880055,0.430939226519337,Vanilla,20
32,0.5294997692108154,5.7220458984375e-06,0,985.1706165986902,0.32227659960123256,Vanilla,20
33,0.5223867893218994,5.9604644775390625e-06,0,1079.66797952091,0.3612662942271881,Vanilla,20
34,0.5497138500213623,6.198883056640625e-06,0,1263.8340238683363,0.5844195675509891,Vanilla,20
35,0.5451135635375977,5.7220458984375e-06,0,1188.446066463695,0.5947677522690871,Vanilla,20
36,0.5176646709442139,5.245208740234375e-06,0,1114.515556784237,0.2592277919380723,Vanilla,20
37,0.513554573059082,6.4373016357421875e-06,0,1230.5720753389246,0.4410126582278481,Vanilla,20
38,0.5312941074371338,5.9604644775390625e-06,0,1471.9934800091912,0.46432427942520144,Vanilla,20
39,0.5323748588562012,5.9604644775390625e-06,0,1709.0689840877758,0.36524665662917366,Vanilla,20
40,0.5233581066131592,6.4373016357421875e-06,0,2157.983175838695,0.2552708707573036,Vanilla,20
41,0.5406167507171631,4.5299530029296875e-06,0,2132.9641041475184,0.4312330623306233,Vanilla,20
42,0.5454616546630859,5.245208740234375e-06,0,2423.2549833409926,0.53136,Vanilla,20
43,0.5254220962524414,5.4836273193359375e-06,0,2537.8081126493566,0.605398847437064,Vanilla,20
44,0.5243809223175049,4.76837158203125e-06,0,2238.374375287224,0.6748882157796048,Vanilla,20
45,0.5230848789215088,5.7220458984375e-06,0,2341.8550450942093,0.6525405088349586,Vanilla,20
46,0.5334076881408691,5.0067901611328125e-06,0,2453.1217041015625,0.5711843332297172,Vanilla,20
47,0.5312058925628662,6.198883056640625e-06,0,2779.295503504136,0.6243727061643323,Vanilla,20
48,0.5282590389251709,5.9604644775390625e-06,0,3275.4399701286766,0.6219639398003278,Vanilla,20
49,0.5205090045928955,5.7220458984375e-06,0,2825.878489774816,0.7578424128434205,Vanilla,20
0,0.5223188400268555,2.000079870223999,0.08000000000000004,0.5225265955223757,0.7200166574125486,BlockFL,20
1,0.5252506732940674,2.000182628631592,0.08000000000000004,0.4484735253979178,0.7249343106071083,BlockFL,20
2,0.5258800983428955,2.0000786781311035,0.08000000000000004,0.4065502461265115,0.7273731446323783,BlockFL,20
3,0.5164618492126465,2.0000808238983154,0.08000000000000004,0.3774230348713258,0.7296048548375974,BlockFL,20
4,0.5195980072021484,2.0001845359802246,0.08000000000000004,0.3534565603031832,0.7324525185796862,BlockFL,20
5,0.520944356918335,2.000082492828369,0.08000000000000004,0.33204135211075053,0.7351061636775923,BlockFL,20
6,0.5247981548309326,2.0000782012939453,0.08000000000000004,0.3122469616286895,0.7338010730499381,BlockFL,20
7,0.5196495056152344,2.0000784397125244,0.08000000000000004,0.2944582963691038,0.7339020363236104,BlockFL,20
8,0.5154924392700195,2.000087022781372,0.08000000000000004,0.2784425633795121,0.7336268574573472,BlockFL,20
9,0.5213704109191895,2.00007963180542,0.08000000000000004,0.2640312537550926,0.7346994911291431,BlockFL,20
10,0.5165534019470215,2.0000782012939453,0.08000000000000004,6.931538343429565,0.6781042247480163,BlockFL,20
11,0.5135893821716309,2.0000810623168945,0.08000000000000004,11.663950359120088,0.6969249173175709,BlockFL,20
12,0.5317368507385254,2.00007963180542,0.08000000000000004,30.884007566115436,0.6901577867402533,BlockFL,20
13,0.5201797485351562,2.0000803470611572,0.08000000000000004,45.814338459688074,0.6478893847391909,BlockFL,20
14,0.5465319156646729,2.0001869201660156,0.08000000000000004,59.32817201053395,0.6050965018094089,BlockFL,20
15,0.5259907245635986,2.0000789165496826,0.08000000000000004,85.79884473015281,0.6061017973115843,BlockFL,20
16,0.5310428142547607,2.0000977516174316,0.08000000000000004,106.29902446971221,0.621129189472895,BlockFL,20
17,0.5218677520751953,2.000079870223999,0.08000000000000004,131.39524437399473,0.6510022762317351,BlockFL,20
18,0.5250537395477295,2.0000803470611572,0.08000000000000004,181.59964438045725,0.8033521730656792,BlockFL,20
19,0.5255894660949707,2.000077247619629,0.08000000000000004,244.17488457174863,0.82134630151011,BlockFL,20
20,0.5343475341796875,2.000080108642578,0.08000000000000004,251.83850322050208,0.726694768848041,BlockFL,20
21,0.5202560424804688,2.0000786781311035,0.08000000000000004,326.21290857651655,0.576899320568252,BlockFL,20
22,0.5287477970123291,2.0000789165496826,0.08000000000000004,338.0051484949449,0.49554338048900154,BlockFL,20
23,0.5494887828826904,2.000080108642578,0.08000000000000004,426.23269743077896,0.4162296913951689,BlockFL,20
24,0.539726734161377,2.0001883506774902,0.08000000000000004,513.5730994729435,0.38854841533881984,BlockFL,20
25,0.5431249141693115,2.0000789165496826,0.08000000000000004,380.6916943718405,0.5225398350548482,BlockFL,20
26,0.5134372711181641,2.00008225440979,0.08000000000000004,666.9952984978171,0.6413434039744812,BlockFL,20
27,0.5389339923858643,2.000082015991211,0.08000000000000004,628.7682943905102,0.5678935972780699,BlockFL,20
28,0.5248513221740723,2.0000791549682617,0.08000000000000004,1040.549181769876,0.5032562683165093,BlockFL,20
29,0.5220324993133545,2.0000925064086914,0.08000000000000004,833.6815203498392,0.401108417041912,BlockFL,20
30,0.5055012702941895,2.0000789165496826,0.08000000000000004,747.7558270622702,0.4181989224322244,BlockFL,20
31,0.5297675132751465,2.0000932216644287,0.08000000000000004,863.8010415469898,0.5737224023467655,BlockFL,20
32,0.5064992904663086,2.0001919269561768,0.08000000000000004,806.8265542423023,0.6125234345706787,BlockFL,20
33,0.507946252822876,2.0000832080841064,0.08000000000000004,916.1885842715992,0.6205761316872428,BlockFL,20
34,0.5058655738830566,2.000386953353882,0.08000000000000004,860.1783483168658,0.6401886375359221,BlockFL,20
35,0.5067753791809082,2.000079870223999,0.08000000000000004,959.7039723115809,0.6598238334425275,BlockFL,20
36,0.5468752384185791,2.0000810623168945,0.08000000000000004,1415.0424302045037,0.6676306846938038,BlockFL,20
37,0.55092453956604,2.0000789165496826,0.08000000000000004,1734.8177992876838,0.5913296123556847,BlockFL,20
38,0.5185117721557617,2.0000786781311035,0.08000000000000004,2042.3180182961858,0.6541166129504834,BlockFL,20
39,0.5195426940917969,2.0000810623168945,0.08000000000000004,2276.0747931985293,0.5594624160025004,BlockFL,20
40,0.512505054473877,2.000089406967163,0.08000000000000004,2507.876163258272,0.5864419762543087,BlockFL,20
41,0.5471994876861572,2.000082015991211,0.08000000000000004,2530.138427734375,0.6143211360733338,BlockFL,20
42,0.5119638442993164,2.0000815391540527,0.08000000000000004,2726.9988798253676,0.5722704714640199,BlockFL,20
43,0.524059534072876,2.000087022781372,0.08000000000000004,2213.172388413373,0.6088006642010718,BlockFL,20
44,0.5193305015563965,2.0000808238983154,0.08000000000000004,2684.659596162684,0.6574806004786424,BlockFL,20
45,0.5371699333190918,2.0000810623168945,0.08000000000000004,2719.6321590647976,0.6845064408227173,BlockFL,20
46,0.5271167755126953,2.000081777572632,0.08000000000000004,3824.61381261489,0.6546987426411803,BlockFL,20
47,0.5435686111450195,2.000089168548584,0.08000000000000004,4070.087603400735,0.6937102473498233,BlockFL,20
48,0.5995028018951416,2.000077962875366,0.08000000000000004,3784.12105066636,0.6684931506849315,BlockFL,20
49,0.5329110622406006,2.0000691413879395,0.08000000000000004,2819.2850916245407,0.6393744928819061,BlockFL,20
0,0.5323469638824463,0.14011168479919434,18.401000000000007,0.570588222321342,0.6835298320828868,Ours,20
1,0.5382955074310303,0.14010071754455566,18.401000000000007,0.48515261183766756,0.6856449771689498,Ours,20
2,0.5468912124633789,0.1401069164276123,18.401000000000007,0.43830886833808,0.6906894100923952,Ours,20
3,0.538787841796875,0.14010334014892578,18.401000000000007,0.4060380318585564,0.7085698269217294,Ours,20
4,0.5491549968719482,0.1401066780090332,18.401000000000007,0.3795742629205479,0.7442113865431762,Ours,20
5,0.5470755100250244,0.1401054859161377,18.401000000000007,0.3559550686794169,0.7462260301917585,Ours,20
6,0.5257468223571777,0.14011573791503906,18.401000000000007,0.33521389610627117,0.7472826086956522,Ours,20
7,0.5332629680633545,0.14010143280029297,18.401000000000007,0.31642769101788015,0.7517260051441722,Ours,20
8,0.5297038555145264,0.1401050090789795,18.401000000000007,0.29950709903941436,0.7518460808888286,Ours,20
9,0.5298101902008057,0.14011430740356445,18.401000000000007,0.2846009073888554,0.7517615176151762,Ours,20
10,0.5329790115356445,0.14011168479919434,18.401000000000007,0.2698584150742082,0.7525382428590768,Ours,20
11,0.5216448307037354,0.1401069164276123,12.881,0.25672316069112106,0.7499152139998644,Ours,20
12,0.552640438079834,0.14010119438171387,12.881,0.24539359439821803,0.7499830473994711,Ours,20
13,0.5273745059967041,0.1401069164276123,12.881,0.23535115929210887,0.7519458544839256,Ours,20
14,0.5371224880218506,0.14008760452270508,12.881,0.22614432476899204,0.7536329841162555,Ours,20
15,0.5264286994934082,0.14010000228881836,12.881,0.21781595621038885,0.7546252532072923,Ours,20
16,0.5287830829620361,0.14011406898498535,12.881,0.21039697045789046,0.7567494600431965,Ours,20
17,0.5333156585693359,0.14010262489318848,12.881,0.2034610803512966,0.7589135269933275,Ours,20
18,0.5848875045776367,0.1400752067565918,12.881,0.19715431157280416,0.7706507925891245,Ours,20
19,0.522120475769043,0.14010095596313477,12.881,0.19149483082925572,0.7735987707929721,Ours,20
20,0.5144948959350586,0.14007973670959473,12.881,0.18593743092873516,0.775153456098212,Ours,20
21,0.5177493095397949,0.14009928703308105,12.881,0.18097251653671265,0.7767922640880294,Ours,20
22,0.5233545303344727,0.14008021354675293,12.881,0.17641462911577785,0.7772739397172579,Ours,20
23,0.5542547702789307,0.14008522033691406,12.881,0.17188602028524175,0.7782443511297741,Ours,20
24,0.5533452033996582,0.1400916576385498,12.881,0.16759848769973307,0.7823427735673447,Ours,20
25,0.5348305702209473,0.14009642601013184,12.881,0.16347593069076538,0.7874297055904731,Ours,20
26,0.5260469913482666,0.14009547233581543,12.881,0.1595055333831731,0.815955664389741,Ours,20
27,0.5145432949066162,0.14010119438171387,12.881,0.15589027764166102,0.8318820313989703,Ours,20
28,0.5320360660552979,0.14009499549865723,12.881,0.15229536329998689,0.8399318052661489,Ours,20
29,0.5349209308624268,0.14010143280029297,12.881,0.1487989785040126,0.8488379377310029,Ours,20
30,0.5333929061889648,0.1400740146636963,12.881,0.14561817093807108,0.8581890399056662,Ours,20
31,0.5600566864013672,0.14011287689208984,12.881,0.1425276740508921,0.8628539700166574,Ours,20
32,0.5401983261108398,0.1401076316833496,12.881,0.13975471915567622,0.8645185139547779,Ours,20
33,0.5340654850006104,0.1400892734527588,12.881,0.13687292398775325,0.8658461538461538,Ours,20
34,0.5626206398010254,0.14011549949645996,12.881,0.13433919474482536,0.8672566371681416,Ours,20
35,0.5288159847259521,0.14010977745056152,12.881,0.13182573502554612,0.868737721021611,Ours,20
36,0.5442028045654297,0.14009356498718262,12.881,0.12927808481104233,0.8699705593719332,Ours,20
37,0.5406093597412109,0.14008784294128418,12.881,0.12714394116226366,0.872224600893021,Ours,20
38,0.5225083827972412,0.14010906219482422,12.881,0.12492674238541547,0.8748475237862894,Ours,20
39,0.5341095924377441,0.14008212089538574,12.881,0.12278250319992795,0.8766055883606259,Ours,20
40,0.5570940971374512,0.14008593559265137,12.881,0.12093463342855959,0.8775944975348469,Ours,20
41,0.5083508491516113,0.1400928497314453,12.881,0.11920442475992091,0.8784580774609351,Ours,20
42,0.5257725715637207,0.14018774032592773,12.881,0.11748142036445,0.8794067590566497,Ours,20
43,0.5516483783721924,0.1400892734527588,12.881,0.11579733013230212,0.8806504459680845,Ours,20
44,0.5506234169006348,0.14008784294128418,12.881,0.11442315074450829,0.8813333333333333,Ours,20
45,0.5174431800842285,0.14008021354675293,12.881,0.11289851498954437,0.881762071886724,Ours,20
46,0.5224947929382324,0.14009380340576172,12.881,0.11146483307375628,0.8824240958025886,Ours,20
47,0.5271472930908203,0.14007949829101562,12.881,0.10998877510428429,0.8831529952245663,Ours,20
48,0.5162253379821777,0.1401050090789795,12.881,0.10864078779430951,0.8832376925400182,Ours,20
49,0.56229567527771,0.14010858535766602,12.881,0.10727187443305464,0.8837349761430211,Ours,20
0,0.17852330207824707,2.0265579223632812e-05,0,0.6036225627450382,0.6564162355170152,Vanilla,100
1,0.17868256568908691,2.0742416381835938e-05,0,0.5625981986522675,0.6580748507354012,Vanilla,100
2,0.18039560317993164,2.002716064453125e-05,0,0.5308849057730507,0.6592,Vanilla,100
3,0.1795802116394043,2.1457672119140625e-05,0,0.5062948070904788,0.6615842590575765,Vanilla,100
4,0.17638063430786133,2.09808349609375e-05,0,0.48690880835056305,0.6636719316041153,Vanilla,100
5,0.1773829460144043,2.1696090698242188e-05,0,0.47131451964378357,0.6639623324882289,Vanilla,100
6,0.17655730247497559,2.193450927734375e-05,0,0.4584095399169361,0.6638168381394001,Vanilla,100
7,0.18602418899536133,2.3603439331054688e-05,0,0.44745758964734916,0.6638643281635019,Vanilla,100
8,0.18149018287658691,2.2649765014648438e-05,0,0.4378982203848222,0.6659434439864034,Vanilla,100
9,0.19492602348327637,2.3365020751953125e-05,0,0.429488743929302,0.6687833742242748,Vanilla,100
10,0.18338966369628906,2.2649765014648438e-05,0,1.0684311915846432,0.6103272290603422,Vanilla,100
11,0.1787738800048828,2.193450927734375e-05,0,2.1914921437992767,0.6087087312927728,Vanilla,100
12,0.17793869972229004,2.288818359375e-05,0,2.4805455137701595,0.6395631963402937,Vanilla,100
13,0.17568659782409668,2.3365020751953125e-05,0,3.07279012483709,0.5499842816724301,Vanilla,100
14,0.17885875701904297,8.487701416015625e-05,0,3.934784124879276,0.5513343799058085,Vanilla,100
15,0.18007779121398926,2.3126602172851562e-05,0,5.497465287937837,0.7005126044519345,Vanilla,100
16,0.17981839179992676,2.4557113647460938e-05,0,6.765143170076258,0.5774572239699225,Vanilla,100
17,0.18231892585754395,2.2172927856445312e-05,0,8.358434060040642,0.5097722500403812,Vanilla,100
18,0.18410015106201172,2.47955322265625e-05,0,9.948698156020221,0.5996515415498825,Vanilla,100
19,0.1880476474761963,2.288818359375e-05,0,13.18341863856596,0.6331457345971564,Vanilla,100
20,0.18103241920471191,2.3126602172851562e-05,0,13.726014109218822,0.5934049196557764,Vanilla,100
21,0.18413972854614258,2.4318695068359375e-05,0,15.532600683324477,0.6153152476140378,Vanilla,100
22,0.1833193302154541,2.4318695068359375e-05,0,17.046088723575366,0.635372636262514,Vanilla,100
23,0.17914533615112305,2.2649765014648438e-05,0,18.951046102187213,0.6022091087910425,Vanilla,100
24,0.17466950416564941,2.1457672119140625e-05,0,23.968449536491843,0.6264015547914487,Vanilla,100
25,0.17983508110046387,2.288818359375e-05,0,24.281819455763873,0.6403657547378512,Vanilla,100
26,0.19075298309326172,2.2411346435546875e-05,0,27.26115125768325,0.6497245684906353,Vanilla,100
27,0.18212246894836426,2.6464462280273438e-05,0,26.634378096636603,0.6078047310531867,Vanilla,100
28,0.17959976196289062,2.5272369384765625e-05,0,30.24520840364344,0.6207102357505222,Vanilla,100
29,0.18932366371154785,2.4080276489257812e-05,0,31.218236642725326,0.5964002440512508,Vanilla,100
30,0.18825292587280273,2.288818359375e-05,0,29.6713446448831,0.6197246333433104,Vanilla,100
31,0.18257474899291992,2.4318695068359375e-05,0,34.331205760731415,0.6388520971302428,Vanilla,100
32,0.18048882484436035,2.4318695068359375e-05,0,36.625620898078466,0.6268945022288261,Vanilla,100
33,0.17960143089294434,2.3603439331054688e-05,0,40.138059952679804,0.5976924244724457,Vanilla,100
34,0.18256211280822754,2.288818359375e-05,0,46.15530126235064,0.608852483655219,Vanilla,100
35,0.18278145790100098,2.2411346435546875e-05,0,49.782708785113165,0.5767097966728281,Vanilla,100
36,0.18691635131835938,3.218650817871094e-05,0,49.39136718301212,0.6207050756502944,Vanilla,100
37,0.17939233779907227,2.1219253540039062e-05,0,54.442755194271314,0.6438346139773143,Vanilla,100
38,0.18125104904174805,2.2172927856445312e-05,0,70.67611986048081,0.6411384976525821,Vanilla,100
39,0.1800525188446045,2.1457672119140625e-05,0,78.12314067167394,0.643595571522839,Vanilla,100
40,0.17933225631713867,2.2172927856445312e-05,0,81.89942842371323,0.6324483775811209,Vanilla,100
41,0.17444396018981934,2.193450927734375e-05,0,92.42965384090648,0.6507728200641586,Vanilla,100
42,0.1811368465423584,2.3126602172851562e-05,0,114.66366711784812,0.6591667876324575,Vanilla,100
43,0.17844247817993164,2.0742416381835938e-05,0,121.28894020529354,0.6335055350553506,Vanilla,100
44,0.1789689064025879,2.2172927856445312e-05,0,122.62228573069854,0.6128790153107175,Vanilla,100
45,0.1769554615020752,2.1219253540039062e-05,0,132.0715513790355,0.6703653000936667,Vanilla,100
46,0.1790766716003418,2.574920654296875e-05,0,121.55326147640453,0.6394928871526498,Vanilla,100
47,0.1793968677520752,2.1696090698242188e-05,0,114.68304353601792,0.5710312862108923,Vanilla,100
48,0.17917823791503906,2.0503997802734375e-05,0,119.35744498757755,0.5734772552043177,Vanilla,100
49,0.17335128784179688,2.002716064453125e-05,0,132.2638208725873,0.4836408364083641,Vanilla,100
0,0.17615342140197754,2.0004215240478516,0.4000000000000003,0.7141132442390218,0.5922530369012148,BlockFL,100
1,0.17711400985717773,2.0004212856292725,0.4000000000000003,0.6648861152284286,0.6234600164264914,BlockFL,100
2,0.1777782440185547,2.0001375675201416,0.4000000000000003,0.6250443931888131,0.6338320248852022,BlockFL,100
3,0.17719316482543945,2.0001213550567627,0.4000000000000003,0.5923101884477279,0.6380748505204105,BlockFL,100
4,0.17679238319396973,2.0001113414764404,0.4000000000000003,0.5649138022871578,0.6417844522968198,BlockFL,100
5,0.17495965957641602,2.0001261234283447,0.4000000000000003,0.5416882169597289,0.6442795209052833,BlockFL,100
6,0.17889976501464844,2.0004169940948486,0.4000000000000003,0.5217986580203561,0.6455119729690025,BlockFL,100
7,0.1769421100616455,2.000222682952881,0.4000000000000003,0.5047003398923313,0.6485416972006449,BlockFL,100
8,0.1744523048400879,2.000115394592285,0.4000000000000003,0.4898001542862724,0.6501683994728364,BlockFL,100
9,0.1807703971862793,2.0005991458892822,0.4000000000000003,0.4769009044941734,0.6521453110152766,BlockFL,100
10,0.17618417739868164,2.0004217624664307,0.4000000000000003,1.232324884218328,0.5755351209334673,BlockFL,100
11,0.1791520118713379,2.0004241466522217,0.4000000000000003,2.3861866418053124,0.5748725081131201,BlockFL,100
12,0.1813983917236328,2.0001108646392822,0.4000000000000003,2.7470357418060303,0.5013814399479929,BlockFL,100
13,0.17795777320861816,2.0004477500915527,0.4000000000000003,3.206165951841018,0.5863545969098976,BlockFL,100
14,0.17801332473754883,2.0001139640808105,0.4000000000000003,4.36238096742069,0.6060422960725076,BlockFL,100
15,0.17737054824829102,2.0001254081726074,0.4000000000000003,6.315189459744622,0.568689601855431,BlockFL,100
16,0.17708635330200195,2.000105857849121,0.4000000000000003,7.680671495549819,0.6552177725811167,BlockFL,100
17,0.19286799430847168,2.000424861907959,0.4000000000000003,9.077707066255456,0.6072423398328691,BlockFL,100
18,0.176649808883667,2.0002574920654297,0.4000000000000003,10.792603071998148,0.6143252750542624,BlockFL,100
19,0.178863525390625,2.000413656234741,0.4000000000000003,12.00677459380206,0.7107703032415476,BlockFL,100
20,0.17699217796325684,2.0002379417419434,0.4000000000000003,14.704021397758932,0.7155286420268672,BlockFL,100
21,0.17771363258361816,2.0002174377441406,0.4000000000000003,17.004935152390424,0.6620589305201892,BlockFL,100
22,0.17499446868896484,2.000420331954956,0.4000000000000003,20.607937644509708,0.712780065610386,BlockFL,100
23,0.178558349609375,2.000419855117798,0.4000000000000003,26.814311027526855,0.6148760330578512,BlockFL,100
24,0.17723464965820312,2.000445604324341,0.4000000000000003,26.94525572832893,0.6065672541045338,BlockFL,100
25,0.17467379570007324,2.000420331954956,0.4000000000000003,26.015373903162338,0.6992316909847043,BlockFL,100
26,0.1781609058380127,2.0004165172576904,0.4000000000000003,27.619817789863138,0.7035345372777738,BlockFL,100
27,0.17666101455688477,2.0001213550567627,0.4000000000000003,27.854751306421615,0.7281767955801105,BlockFL,100
28,0.1744241714477539,2.000422239303589,0.4000000000000003,31.03216563954073,0.6640063846767758,BlockFL,100
29,0.17502665519714355,2.0001204013824463,0.4000000000000003,32.408465778126434,0.7086680170426766,BlockFL,100
30,0.17974042892456055,2.0001349449157715,0.4000000000000003,38.173004038193646,0.7197889914624835,BlockFL,100
31,0.17355966567993164,2.0004210472106934,0.4000000000000003,44.2702849893009,0.7434690675942978,BlockFL,100
32,0.17352747917175293,2.000365972518921,0.4000000000000003,43.23307205648983,0.719671675013912,BlockFL,100
33,0.17424249649047852,2.0001091957092285,0.4000000000000003,46.18927630256204,0.6374407582938388,BlockFL,100
34,0.17676353454589844,2.000361919403076,0.4000000000000003,50.783126943251666,0.47795092838196285,BlockFL,100
35,0.17653369903564453,2.0004148483276367,0.4000000000000003,55.00347552579992,0.5879920355337724,BlockFL,100
36,0.17320871353149414,2.0002026557922363,0.4000000000000003,58.9251600153306,0.6216579536967887,BlockFL,100
37,0.17570734024047852,2.0004050731658936,0.4000000000000003,65.74139034046846,0.656714244101369,BlockFL,100
38,0.17679977416992188,2.000422716140747,0.4000000000000003,65.67371727438534,0.6399058961917365,BlockFL,100
39,0.17238140106201172,2.000425338745117,0.4000000000000003,63.66903170417337,0.6419444852401234,BlockFL,100
40,0.1756908893585205,2.0004210472106934,0.4000000000000003,74.78798630658318,0.6471449487554904,BlockFL,100
41,0.17578554153442383,2.00011944770813,0.4000000000000003,76.79687455121208,0.6079348317996681,BlockFL,100
42,0.1770617961883545,2.000413417816162,0.4000000000000003,73.66565502391143,0.6685916407998268,BlockFL,100
43,0.1778099536895752,2.0004823207855225,0.4000000000000003,80.9279946719899,0.6781947334433522,BlockFL,100
44,0.17657756805419922,2.00012469291687,0.4000000000000003,89.01620977065143,0.6480708690240867,BlockFL,100
45,0.17618203163146973,2.0001437664031982,0.4000000000000003,104.21112307380227,0.6792804414821185,BlockFL,100
46,0.1736466884613037,2.0001280307769775,0.4000000000000003,92.18921504301183,0.6417151698224416,BlockFL,100
47,0.17351198196411133,2.0001213550567627,0.4000000000000003,105.12691273408778,0.7351047801671003,BlockFL,100
48,0.17717623710632324,2.000107765197754,0.4000000000000003,114.49690381218406,0.812475884244373,BlockFL,100
49,0.19989633560180664,2.0001087188720703,0.4000000000000003,139.87216590432558,0.7988826815642458,BlockFL,100
0,0.17543578147888184,0.5601766109466553,92.00100000000015,0.6562446636312148,0.742014742014742,Ours,100
1,0.1791090965270996,0.560490608215332,92.00100000000015,0.5978982588824104,0.7398851831601968,Ours,100
2,0.1785588264465332,0.5606167316436768,92.00100000000015,0.5504202194073621,0.7069134763707755,Ours,100
3,0.1748976707458496,0.5601871013641357,92.00100000000015,0.5134664230486926,0.691564896336268,Ours,100
4,0.17750811576843262,0.5602972507476807,92.00100000000015,0.48563095751930685,0.684759320097129,Ours,100
5,0.17303061485290527,0.5603055953979492,92.00100000000015,0.4649911575457629,0.6827349449291947,Ours,100
6,0.17430424690246582,0.560145378112793,92.00100000000015,0.44948477867771597,0.680140471583172,Ours,100
7,0.1777942180633545,0.560215950012207,92.00100000000015,0.43767499134821053,0.6777251184834123,Ours,100
8,0.1769578456878662,0.5601897239685059,92.00100000000015,0.42835599184036255,0.6762527859659213,Ours,100
9,0.17487597465515137,0.5605056285858154,92.00100000000015,0.4206899001317866,0.6784842830486579,Ours,100
10,0.1771538257598877,0.5604918003082275,92.00100000000015,0.41341972876997557,0.6785791173304628,Ours,100
11,0.17588281631469727,0.420149564743042,64.4010000000001,0.4071991513757145,0.6796673358187554,Ours,100
12,0.1765298843383789,0.4204590320587158,64.4010000000001,0.40152215519372153,0.6806620333882639,Ours,100
13,0.17690110206604004,0.4202594757080078,64.4010000000001,0.3963617989245583,0.6820296285693838,Ours,100
14,0.1764049530029297,0.42017269134521484,64.4010000000001,0.391498203663265,0.6837667905115747,Ours,100
15,0.17586851119995117,0.42046046257019043,64.4010000000001,0.38677673743051644,0.6857835794279192,Ours,100
16,0.17469310760498047,0.4201672077178955,64.4010000000001,0.38229822586564455,0.686301076802396,Ours,100
17,0.18143367767333984,0.4202725887298584,64.4010000000001,0.3779832378906362,0.686818279033293,Ours,100
18,0.17419791221618652,0.420548677444458,64.4010000000001,0.37376239019281726,0.6883098391000997,Ours,100
19,0.17699694633483887,0.4204983711242676,64.4010000000001,0.3696295364814646,0.6910563330255026,Ours,100
20,0.17656970024108887,0.42050933837890625,64.4010000000001,0.3655218034982681,0.6933276607813941,Ours,100
21,0.17725157737731934,0.4201674461364746,64.4010000000001,0.3615228919421925,0.69434603939351,Ours,100
22,0.18212246894836426,0.42044734954833984,64.4010000000001,0.3575392418047961,0.696881849678286,Ours,100
23,0.17702221870422363,0.4201648235321045,64.4010000000001,0.35371265253599954,0.6987220221704441,Ours,100
24,0.1770336627960205,0.4204525947570801,64.4010000000001,0.3499034239965327,0.7025695177754312,Ours,100
25,0.1921226978302002,0.4204552173614502,64.4010000000001,0.34614941477775574,0.7062043795620438,Ours,100
26,0.17729783058166504,0.4201498031616211,64.4010000000001,0.3425002632772221,0.7090947279983196,Ours,100
27,0.17788481712341309,0.4204685688018799,64.4010000000001,0.33888472967288075,0.7179986101459347,Ours,100
28,0.17687225341796875,0.4201483726501465,64.4010000000001,0.33528222494265614,0.7227263281845259,Ours,100
29,0.17804574966430664,0.42012524604797363,64.4010000000001,0.3317355425918804,0.7403511168795682,Ours,100
30,0.17443203926086426,0.42028260231018066,64.4010000000001,0.328279518029269,0.7413122141052775,Ours,100
31,0.18056988716125488,0.4204699993133545,64.4010000000001,0.3248562435893452,0.743098629950242,Ours,100
32,0.17586874961853027,0.42015552520751953,64.4010000000001,0.3214929279159097,0.7455114254624592,Ours,100
33,0.1745455265045166,0.42026615142822266,64.4010000000001,0.3181402236223221,0.7472154305895137,Ours,100
34,0.1752636432647705,0.42045092582702637,64.4010000000001,0.3148433215477887,0.7502540134119081,Ours,100
35,0.17733120918273926,0.42013025283813477,64.4010000000001,0.3116210558835198,0.7513879485443467,Ours,100
36,0.17688345909118652,0.4202594757080078,64.4010000000001,0.3084616871441112,0.751692391010019,Ours,100
37,0.17299342155456543,0.42015504837036133,64.4010000000001,0.3053608641904943,0.7522674969541085,Ours,100
38,0.17786622047424316,0.42049288749694824,64.4010000000001,0.3023088013424593,0.7531114718614719,Ours,100
39,0.17710232734680176,0.4201545715332031,64.4010000000001,0.2993038252872579,0.7541559670225706,Ours,100
40,0.17587971687316895,0.4202754497528076,64.4010000000001,0.29636353604933796,0.7551654287643484,Ours,100
41,0.17922759056091309,0.420548677444458,64.4010000000001,0.2935129772214329,0.7557354925775979,Ours,100
42,0.17646193504333496,0.4201633930206299,64.4010000000001,0.29064880574450774,0.7563557893317149,Ours,100
43,0.17868304252624512,0.42024946212768555,64.4010000000001,0.2878456457572825,0.7567932034252579,Ours,100
44,0.17766833305358887,0.4201686382293701,64.4010000000001,0.285023545517641,0.7607848407472114,Ours,100
45,0.2001192569732666,0.42046070098876953,64.4010000000001,0.28231868980561986,0.7619175506915536,Ours,100
46,0.17566180229187012,0.4201815128326416,64.4010000000001,0.27968526938382315,0.7625822037310428,Ours,100
47,0.17856287956237793,0.42017054557800293,64.4010000000001,0.2770320514545721,0.7628755364806867,Ours,100
48,0.17800593376159668,0.42046213150024414,64.4010000000001,0.2744707986712456,0.7629266984105694,Ours,100
49,0.1779792308807373,0.42015528678894043,64.4010000000001,0.27196776516297283,0.7630802253823451,Ours,100
